Company Name,Industry,Required Skills,Experience Level,Location,Contact Email,Job Description
TechCorp Inc,Technology,Python Java JavaScript React,Mid-Senior,New York,hr@techcorp.com,Looking for full-stack developers with experience in modern web technologies
DataScience Solutions,Analytics,Python R Machine Learning SQL Tableau,Entry-Mid,San Francisco,careers@datasci.com,Data analysts and scientists needed for AI projects
CloudFirst Technologies,Cloud Computing,AWS Azure Docker Kubernetes Python,Mid-Senior,Seattle,jobs@cloudfirst.com,DevOps and cloud engineers for scalable infrastructure
StartupXYZ,Fintech,Python Django PostgreSQL React,Entry-Mid,Austin,hiring@startupxyz.com,Full-stack engineers for financial technology platform  
BigData Corp,Data Analytics,Spark Hadoop Python Scala SQL,Senior,Chicago,hr@bigdata.com,Senior data engineers for large-scale processing systems
WebDev Agency,Web Development,HTML CSS JavaScript Node.js React,Entry-Mid,Remote,contact@webdev.com,Frontend and backend developers for client projects
AI Innovations,Artificial Intelligence,Python TensorFlow PyTorch Machine Learning,Mid-Senior,Boston,careers@aiinnovations.com,ML engineers and researchers for cutting-edge AI
Enterprise Solutions,Software,Java Spring Boot Oracle SQL,Senior,Dallas,hr@enterprise.com,Senior Java developers for enterprise applications
Mobile First,Mobile Development,Swift Kotlin React Native Flutter,Mid-Senior,Los Angeles,jobs@mobilefirst.com,Mobile app developers for iOS and Android platforms
Consulting Group,Business Intelligence,SQL Tableau Power BI Excel,Entry-Mid,Denver,careers@consulting.com,Business analysts and BI specialists for client consulting